[
  {
    "line": 2,
    "elements": [
      {
        "line": 5,
        "name": "Title of your scenario",
        "description": "",
        "id": "complete-scenario-for-user-administration.;title-of-your-scenario",
        "type": "scenario",
        "keyword": "Scenario",
        "steps": [
          {
            "result": {
              "duration": 85620245,
              "status": "passed"
            },
            "line": 6,
            "name": "I am requesting \"BaseDummyRestAPI\".",
            "match": {
              "arguments": [
                {
                  "val": "BaseDummyRestAPI",
                  "offset": 17
                }
              ],
              "location": "StepDefinition.i_am_requesting(String)"
            },
            "keyword": "Given "
          },
          {
            "result": {
              "duration": 16431631,
              "status": "passed"
            },
            "line": 7,
            "name": "I use resource \"/create\" and with body parameters as",
            "match": {
              "arguments": [
                {
                  "val": "/create",
                  "offset": 16
                }
              ],
              "location": "StepDefinition.i_use_resource_and_with_body_parameters_as(String,DataTable)"
            },
            "rows": [
              {
                "cells": [
                  "name",
                  "salary",
                  "age"
                ],
                "line": 8
              },
              {
                "cells": [
                  "Dubey4",
                  "70000",
                  "28"
                ],
                "line": 9
              }
            ],
            "keyword": "When "
          },
          {
            "result": {
              "duration": 2081265757,
              "status": "passed"
            },
            "line": 10,
            "name": "I am sending the \"POST\" request.",
            "match": {
              "arguments": [
                {
                  "val": "POST",
                  "offset": 18
                }
              ],
              "location": "StepDefinition.i_am_sending_the_request(String)"
            },
            "keyword": "Then "
          },
          {
            "result": {
              "duration": 312386615,
              "status": "passed"
            },
            "line": 11,
            "name": "I am validating object \"name\" for String value \"Dubey4\".",
            "match": {
              "arguments": [
                {
                  "val": "name",
                  "offset": 24
                },
                {
                  "val": "Dubey4",
                  "offset": 48
                }
              ],
              "location": "StepDefinition.i_am_validating_object_for_String_value(String,String)"
            },
            "keyword": "And "
          },
          {
            "result": {
              "duration": 9685874,
              "status": "passed"
            },
            "line": 12,
            "name": "I am validating object \"age\" for String value \"28\".",
            "match": {
              "arguments": [
                {
                  "val": "age",
                  "offset": 24
                },
                {
                  "val": "28",
                  "offset": 47
                }
              ],
              "location": "StepDefinition.i_am_validating_object_for_String_value(String,String)"
            },
            "keyword": "And "
          },
          {
            "result": {
              "duration": 8320543,
              "status": "passed"
            },
            "line": 13,
            "name": "I am saving the value from the object \"id\" as variable.",
            "match": {
              "arguments": [
                {
                  "val": "id",
                  "offset": 39
                }
              ],
              "location": "StepDefinition.i_am_saving_the_value_from_the_object_as_variable(String)"
            },
            "keyword": "And "
          },
          {
            "result": {
              "duration": 2610805734,
              "status": "passed"
            },
            "line": 14,
            "name": "I go to \"/employee/\" with above variable and post \"GET\" Request",
            "match": {
              "arguments": [
                {
                  "val": "/employee/",
                  "offset": 9
                },
                {
                  "val": "GET",
                  "offset": 51
                }
              ],
              "location": "StepDefinition.i_go_to_with_above_variable_and_post_Request(String,String)"
            },
            "keyword": "When "
          },
          {
            "result": {
              "duration": 350476,
              "status": "passed"
            },
            "line": 15,
            "name": "I use resource \"/update/\" and with above variable and body parameters as",
            "match": {
              "arguments": [
                {
                  "val": "/update/",
                  "offset": 16
                }
              ],
              "location": "StepDefinition.i_use_resource_and_with_above_variable_and_body_parameters_as(String,DataTable)"
            },
            "rows": [
              {
                "cells": [
                  "name",
                  "salary",
                  "age"
                ],
                "line": 16
              },
              {
                "cells": [
                  "Dubey4",
                  "70000",
                  "30"
                ],
                "line": 17
              }
            ],
            "keyword": "When "
          },
          {
            "result": {
              "duration": 683258344,
              "status": "passed"
            },
            "line": 18,
            "name": "I am sending the \"Put\" request.",
            "match": {
              "arguments": [
                {
                  "val": "Put",
                  "offset": 18
                }
              ],
              "location": "StepDefinition.i_am_sending_the_request(String)"
            },
            "keyword": "Then "
          },
          {
            "result": {
              "duration": 775551757,
              "status": "passed"
            },
            "line": 19,
            "name": "I go to \"/employee/\" with above variable and post \"GET\" Request",
            "match": {
              "arguments": [
                {
                  "val": "/employee/",
                  "offset": 9
                },
                {
                  "val": "GET",
                  "offset": 51
                }
              ],
              "location": "StepDefinition.i_go_to_with_above_variable_and_post_Request(String,String)"
            },
            "keyword": "When "
          },
          {
            "result": {
              "duration": 9573389,
              "error_message": "java.lang.AssertionError: expected [null] but found [30]\r\n\tat org.testng.Assert.fail(Assert.java:94)\r\n\tat org.testng.Assert.failNotEquals(Assert.java:513)\r\n\tat org.testng.Assert.assertEqualsImpl(Assert.java:130)\r\n\tat org.testng.Assert.assertEquals(Assert.java:116)\r\n\tat org.testng.Assert.assertEquals(Assert.java:190)\r\n\tat org.testng.Assert.assertEquals(Assert.java:200)\r\n\tat main.StepDefinition.i_am_validating_object_for_String_value(StepDefinition.java:120)\r\n\tat ✽.And I am validating object \"age\" for String value \"30\".(D:/Cucumber/Demo.API/src/main/resources/feature/Complete_Scenario.feature:20)\r\n",
              "status": "failed"
            },
            "line": 20,
            "name": "I am validating object \"age\" for String value \"30\".",
            "match": {
              "arguments": [
                {
                  "val": "age",
                  "offset": 24
                },
                {
                  "val": "30",
                  "offset": 47
                }
              ],
              "location": "StepDefinition.i_am_validating_object_for_String_value(String,String)"
            },
            "keyword": "And "
          }
        ],
        "tags": [
          {
            "line": 4,
            "name": "@tag1"
          }
        ]
      }
    ],
    "name": "Complete Scenario for User Administration.",
    "description": "",
    "id": "complete-scenario-for-user-administration.",
    "keyword": "Feature",
    "uri": "D:/Cucumber/Demo.API/src/main/resources/feature/Complete_Scenario.feature",
    "tags": [
      {
        "line": 1,
        "name": "@tag"
      }
    ]
  }
]