[
  {
    "line": 2,
    "elements": [
      {
        "line": 5,
        "name": "Title of your scenario",
        "description": "",
        "id": "complete-scenario-for-user-administration.;title-of-your-scenario",
        "type": "scenario",
        "keyword": "Scenario",
        "steps": [
          {
            "result": {
              "duration": 93746017,
              "status": "passed"
            },
            "line": 6,
            "name": "I am requesting \"BaseDummyRestAPI\".",
            "match": {
              "arguments": [
                {
                  "val": "BaseDummyRestAPI",
                  "offset": 17
                }
              ],
              "location": "StepDefinition.i_am_requesting(String)"
            },
            "keyword": "Given "
          },
          {
            "result": {
              "duration": 16242125,
              "status": "passed"
            },
            "line": 7,
            "name": "I use resource \"/create\" and with body parameters as",
            "match": {
              "arguments": [
                {
                  "val": "/create",
                  "offset": 16
                }
              ],
              "location": "StepDefinition.i_use_resource_and_with_body_parameters_as(String,DataTable)"
            },
            "rows": [
              {
                "cells": [
                  "name",
                  "salary",
                  "age"
                ],
                "line": 8
              },
              {
                "cells": [
                  "Dubey1",
                  "70000",
                  "28"
                ],
                "line": 9
              }
            ],
            "keyword": "When "
          },
          {
            "result": {
              "duration": 2072505804,
              "status": "passed"
            },
            "line": 10,
            "name": "I am sending the \"POST\" request.",
            "match": {
              "arguments": [
                {
                  "val": "POST",
                  "offset": 18
                }
              ],
              "location": "StepDefinition.i_am_sending_the_request(String)"
            },
            "keyword": "Then "
          },
          {
            "result": {
              "duration": 77255651,
              "error_message": "io.restassured.path.json.exception.JsonPathException: Failed to parse the JSON document\r\n\tat io.restassured.path.json.JsonPath$ExceptionCatcher.invoke(JsonPath.java:986)\r\n\tat io.restassured.path.json.JsonPath$4.doParseWith(JsonPath.java:951)\r\n\tat io.restassured.path.json.JsonPath$JsonParser.parseWith(JsonPath.java:1031)\r\n\tat io.restassured.path.json.JsonPath.get(JsonPath.java:202)\r\n\tat main.StepDefinition.i_am_validating_object_for_String_value(StepDefinition.java:117)\r\n\tat ✽.And I am validating object \"name\" for String value \"Dubey1\".(D:/Cucumber/Demo.API/src/main/resources/feature/Complete_Scenario.feature:11)\r\nCaused by: groovy.json.JsonException: Lexing failed on line: 1, column: 18, while reading \u0027S\u0027, no possible valid JSON value or punctuation could be recognized.\r\n\tat groovy.json.JsonLexer.nextToken(JsonLexer.java:87)\r\n\tat groovy.json.JsonLexer$nextToken.call(Unknown Source)\r\n\tat io.restassured.internal.path.json.ConfigurableJsonSlurper.parseObject(ConfigurableJsonSlurper.groovy:249)\r\n\tat sun.reflect.NativeMethodAccessorImpl.invoke0(Native Method)\r\n\tat sun.reflect.NativeMethodAccessorImpl.invoke(NativeMethodAccessorImpl.java:62)\r\n\tat sun.reflect.DelegatingMethodAccessorImpl.invoke(DelegatingMethodAccessorImpl.java:43)\r\n\tat java.lang.reflect.Method.invoke(Method.java:498)\r\n\tat org.codehaus.groovy.runtime.callsite.PogoMetaMethodSite$PogoCachedMethodSiteNoUnwrapNoCoerce.invoke(PogoMetaMethodSite.java:210)\r\n\tat org.codehaus.groovy.runtime.callsite.PogoMetaMethodSite.callCurrent(PogoMetaMethodSite.java:59)\r\n\tat org.codehaus.groovy.runtime.callsite.CallSiteArray.defaultCallCurrent(CallSiteArray.java:51)\r\n\tat org.codehaus.groovy.runtime.callsite.AbstractCallSite.callCurrent(AbstractCallSite.java:157)\r\n\tat org.codehaus.groovy.runtime.callsite.AbstractCallSite.callCurrent(AbstractCallSite.java:169)\r\n\tat io.restassured.internal.path.json.ConfigurableJsonSlurper.parseObject(ConfigurableJsonSlurper.groovy:263)\r\n\tat sun.reflect.NativeMethodAccessorImpl.invoke0(Native Method)\r\n\tat sun.reflect.NativeMethodAccessorImpl.invoke(NativeMethodAccessorImpl.java:62)\r\n\tat sun.reflect.DelegatingMethodAccessorImpl.invoke(DelegatingMethodAccessorImpl.java:43)\r\n\tat java.lang.reflect.Method.invoke(Method.java:498)\r\n\tat org.codehaus.groovy.runtime.callsite.PogoMetaMethodSite$PogoCachedMethodSiteNoUnwrapNoCoerce.invoke(PogoMetaMethodSite.java:210)\r\n\tat org.codehaus.groovy.runtime.callsite.PogoMetaMethodSite.callCurrent(PogoMetaMethodSite.java:59)\r\n\tat org.codehaus.groovy.runtime.callsite.CallSiteArray.defaultCallCurrent(CallSiteArray.java:51)\r\n\tat org.codehaus.groovy.runtime.callsite.AbstractCallSite.callCurrent(AbstractCallSite.java:157)\r\n\tat org.codehaus.groovy.runtime.callsite.AbstractCallSite.callCurrent(AbstractCallSite.java:169)\r\n\tat io.restassured.internal.path.json.ConfigurableJsonSlurper.parse(ConfigurableJsonSlurper.groovy:105)\r\n\tat io.restassured.internal.path.json.ConfigurableJsonSlurper$parse.callCurrent(Unknown Source)\r\n\tat org.codehaus.groovy.runtime.callsite.CallSiteArray.defaultCallCurrent(CallSiteArray.java:51)\r\n\tat org.codehaus.groovy.runtime.callsite.AbstractCallSite.callCurrent(AbstractCallSite.java:157)\r\n\tat org.codehaus.groovy.runtime.callsite.AbstractCallSite.callCurrent(AbstractCallSite.java:169)\r\n\tat io.restassured.internal.path.json.ConfigurableJsonSlurper.parseText(ConfigurableJsonSlurper.groovy:83)\r\n\tat io.restassured.path.json.JsonPath$4$1.method(JsonPath.java:949)\r\n\tat io.restassured.path.json.JsonPath$ExceptionCatcher.invoke(JsonPath.java:984)\r\n\tat io.restassured.path.json.JsonPath$4.doParseWith(JsonPath.java:951)\r\n\tat io.restassured.path.json.JsonPath$JsonParser.parseWith(JsonPath.java:1031)\r\n\tat io.restassured.path.json.JsonPath.get(JsonPath.java:202)\r\n\tat main.StepDefinition.i_am_validating_object_for_String_value(StepDefinition.java:117)\r\n\tat sun.reflect.NativeMethodAccessorImpl.invoke0(Native Method)\r\n\tat sun.reflect.NativeMethodAccessorImpl.invoke(NativeMethodAccessorImpl.java:62)\r\n\tat sun.reflect.DelegatingMethodAccessorImpl.invoke(DelegatingMethodAccessorImpl.java:43)\r\n\tat java.lang.reflect.Method.invoke(Method.java:498)\r\n\tat cucumber.runtime.Utils$1.call(Utils.java:40)\r\n\tat cucumber.runtime.Timeout.timeout(Timeout.java:16)\r\n\tat cucumber.runtime.Utils.invoke(Utils.java:34)\r\n\tat cucumber.runtime.java.JavaStepDefinition.execute(JavaStepDefinition.java:38)\r\n\tat cucumber.runtime.StepDefinitionMatch.runStep(StepDefinitionMatch.java:37)\r\n\tat cucumber.runtime.Runtime.runStep(Runtime.java:300)\r\n\tat cucumber.runtime.model.StepContainer.runStep(StepContainer.java:44)\r\n\tat cucumber.runtime.model.StepContainer.runSteps(StepContainer.java:39)\r\n\tat cucumber.runtime.model.CucumberScenario.run(CucumberScenario.java:44)\r\n\tat cucumber.runtime.model.CucumberFeature.run(CucumberFeature.java:165)\r\n\tat cucumber.api.testng.TestNGCucumberRunner.runCucumber(TestNGCucumberRunner.java:63)\r\n\tat test.Test_Runner.feature(Test_Runner.java:45)\r\n\tat sun.reflect.NativeMethodAccessorImpl.invoke0(Native Method)\r\n\tat sun.reflect.NativeMethodAccessorImpl.invoke(NativeMethodAccessorImpl.java:62)\r\n\tat sun.reflect.DelegatingMethodAccessorImpl.invoke(DelegatingMethodAccessorImpl.java:43)\r\n\tat java.lang.reflect.Method.invoke(Method.java:498)\r\n\tat org.testng.internal.MethodInvocationHelper.invokeMethod(MethodInvocationHelper.java:86)\r\n\tat org.testng.internal.Invoker.invokeMethod(Invoker.java:645)\r\n\tat org.testng.internal.Invoker.invokeTestMethod(Invoker.java:822)\r\n\tat org.testng.internal.Invoker.invokeTestMethods(Invoker.java:1130)\r\n\tat org.testng.internal.TestMethodWorker.invokeTestMethods(TestMethodWorker.java:129)\r\n\tat org.testng.internal.TestMethodWorker.run(TestMethodWorker.java:112)\r\n\tat org.testng.TestRunner.privateRun(TestRunner.java:782)\r\n\tat org.testng.TestRunner.run(TestRunner.java:632)\r\n\tat org.testng.SuiteRunner.runTest(SuiteRunner.java:366)\r\n\tat org.testng.SuiteRunner.runSequentially(SuiteRunner.java:361)\r\n\tat org.testng.SuiteRunner.privateRun(SuiteRunner.java:319)\r\n\tat org.testng.SuiteRunner.run(SuiteRunner.java:268)\r\n\tat org.testng.SuiteRunnerWorker.runSuite(SuiteRunnerWorker.java:52)\r\n\tat org.testng.SuiteRunnerWorker.run(SuiteRunnerWorker.java:86)\r\n\tat org.testng.TestNG.runSuitesSequentially(TestNG.java:1244)\r\n\tat org.testng.TestNG.runSuitesLocally(TestNG.java:1169)\r\n\tat org.testng.TestNG.run(TestNG.java:1064)\r\n\tat org.testng.remote.RemoteTestNG.run(RemoteTestNG.java:113)\r\n\tat org.testng.remote.RemoteTestNG.initAndRun(RemoteTestNG.java:206)\r\n\tat org.testng.remote.RemoteTestNG.main(RemoteTestNG.java:177)\r\n",
              "status": "failed"
            },
            "line": 11,
            "name": "I am validating object \"name\" for String value \"Dubey1\".",
            "match": {
              "arguments": [
                {
                  "val": "name",
                  "offset": 24
                },
                {
                  "val": "Dubey1",
                  "offset": 48
                }
              ],
              "location": "StepDefinition.i_am_validating_object_for_String_value(String,String)"
            },
            "keyword": "And "
          },
          {
            "result": {
              "status": "skipped"
            },
            "line": 12,
            "name": "I am validating object \"age\" for String value \"28\".",
            "match": {
              "arguments": [
                {
                  "val": "age",
                  "offset": 24
                },
                {
                  "val": "28",
                  "offset": 47
                }
              ],
              "location": "StepDefinition.i_am_validating_object_for_String_value(String,String)"
            },
            "keyword": "And "
          },
          {
            "result": {
              "status": "skipped"
            },
            "line": 13,
            "name": "I am saving the value from the object \"id\" as variable.",
            "match": {
              "arguments": [
                {
                  "val": "id",
                  "offset": 39
                }
              ],
              "location": "StepDefinition.i_am_saving_the_value_from_the_object_as_variable(String)"
            },
            "keyword": "And "
          },
          {
            "result": {
              "status": "skipped"
            },
            "line": 14,
            "name": "I go to \"/employee/\" with above variable and post \"GET\" Request",
            "match": {
              "arguments": [
                {
                  "val": "/employee/",
                  "offset": 9
                },
                {
                  "val": "GET",
                  "offset": 51
                }
              ],
              "location": "StepDefinition.i_go_to_with_above_variable_and_post_Request(String,String)"
            },
            "keyword": "When "
          },
          {
            "result": {
              "status": "skipped"
            },
            "line": 15,
            "name": "I use resource \"/update/\" and with above variable and body parameters as",
            "match": {
              "arguments": [
                {
                  "val": "/update/",
                  "offset": 16
                }
              ],
              "location": "StepDefinition.i_use_resource_and_with_above_variable_and_body_parameters_as(String,DataTable)"
            },
            "rows": [
              {
                "cells": [
                  "name",
                  "salary",
                  "age"
                ],
                "line": 16
              },
              {
                "cells": [
                  "Dubey",
                  "70000",
                  "28"
                ],
                "line": 17
              }
            ],
            "keyword": "When "
          },
          {
            "result": {
              "status": "skipped"
            },
            "line": 18,
            "name": "I am sending the \"Put\" request.",
            "match": {
              "arguments": [
                {
                  "val": "Put",
                  "offset": 18
                }
              ],
              "location": "StepDefinition.i_am_sending_the_request(String)"
            },
            "keyword": "Then "
          }
        ],
        "tags": [
          {
            "line": 4,
            "name": "@tag1"
          }
        ]
      }
    ],
    "name": "Complete Scenario for User Administration.",
    "description": "",
    "id": "complete-scenario-for-user-administration.",
    "keyword": "Feature",
    "uri": "D:/Cucumber/Demo.API/src/main/resources/feature/Complete_Scenario.feature",
    "tags": [
      {
        "line": 1,
        "name": "@tag"
      }
    ]
  }
]