[
  {
    "line": 2,
    "elements": [
      {
        "line": 5,
        "name": "Title of your scenario",
        "description": "",
        "id": "complete-scenario-for-user-administration.;title-of-your-scenario",
        "type": "scenario",
        "keyword": "Scenario",
        "steps": [
          {
            "result": {
              "duration": 88078839,
              "status": "passed"
            },
            "line": 6,
            "name": "I am requesting \"BaseDummyRestAPI\".",
            "match": {
              "arguments": [
                {
                  "val": "BaseDummyRestAPI",
                  "offset": 17
                }
              ],
              "location": "StepDefinition.i_am_requesting(String)"
            },
            "keyword": "Given "
          },
          {
            "result": {
              "duration": 16902072,
              "status": "passed"
            },
            "line": 7,
            "name": "I use resource \"/create\" and with body parameters as",
            "match": {
              "arguments": [
                {
                  "val": "/create",
                  "offset": 16
                }
              ],
              "location": "StepDefinition.i_use_resource_and_with_body_parameters_as(String,DataTable)"
            },
            "rows": [
              {
                "cells": [
                  "name",
                  "salary",
                  "age"
                ],
                "line": 8
              },
              {
                "cells": [
                  "Dubey6",
                  "70000",
                  "28"
                ],
                "line": 9
              }
            ],
            "keyword": "When "
          },
          {
            "result": {
              "duration": 2172601388,
              "status": "passed"
            },
            "line": 10,
            "name": "I am sending the \"POST\" request.",
            "match": {
              "arguments": [
                {
                  "val": "POST",
                  "offset": 18
                }
              ],
              "location": "StepDefinition.i_am_sending_the_request(String)"
            },
            "keyword": "Then "
          },
          {
            "result": {
              "duration": 330604702,
              "status": "passed"
            },
            "line": 11,
            "name": "I am validating object \"name\" for String value \"Dubey6\".",
            "match": {
              "arguments": [
                {
                  "val": "name",
                  "offset": 24
                },
                {
                  "val": "Dubey6",
                  "offset": 48
                }
              ],
              "location": "StepDefinition.i_am_validating_object_for_String_value(String,String)"
            },
            "keyword": "And "
          },
          {
            "result": {
              "duration": 8132145,
              "status": "passed"
            },
            "line": 12,
            "name": "I am validating object \"age\" for String value \"28\".",
            "match": {
              "arguments": [
                {
                  "val": "age",
                  "offset": 24
                },
                {
                  "val": "28",
                  "offset": 47
                }
              ],
              "location": "StepDefinition.i_am_validating_object_for_String_value(String,String)"
            },
            "keyword": "And "
          },
          {
            "result": {
              "duration": 7251107,
              "status": "passed"
            },
            "line": 13,
            "name": "I am saving the value from the object \"id\" as variable.",
            "match": {
              "arguments": [
                {
                  "val": "id",
                  "offset": 39
                }
              ],
              "location": "StepDefinition.i_am_saving_the_value_from_the_object_as_variable(String)"
            },
            "keyword": "And "
          },
          {
            "result": {
              "duration": 2640997623,
              "status": "passed"
            },
            "line": 14,
            "name": "I go to \"/employee/\" with above variable and post \"GET\" Request",
            "match": {
              "arguments": [
                {
                  "val": "/employee/",
                  "offset": 9
                },
                {
                  "val": "GET",
                  "offset": 51
                }
              ],
              "location": "StepDefinition.i_go_to_with_above_variable_and_post_Request(String,String)"
            },
            "keyword": "When "
          },
          {
            "result": {
              "duration": 451878,
              "status": "passed"
            },
            "line": 15,
            "name": "I use resource \"/update/\" and with above variable and body parameters as",
            "match": {
              "arguments": [
                {
                  "val": "/update/",
                  "offset": 16
                }
              ],
              "location": "StepDefinition.i_use_resource_and_with_above_variable_and_body_parameters_as(String,DataTable)"
            },
            "rows": [
              {
                "cells": [
                  "name",
                  "salary",
                  "age"
                ],
                "line": 16
              },
              {
                "cells": [
                  "Dubey6",
                  "70000",
                  "30"
                ],
                "line": 17
              }
            ],
            "keyword": "When "
          },
          {
            "result": {
              "duration": 673327829,
              "status": "passed"
            },
            "line": 18,
            "name": "I am sending the \"Put\" request.",
            "match": {
              "arguments": [
                {
                  "val": "Put",
                  "offset": 18
                }
              ],
              "location": "StepDefinition.i_am_sending_the_request(String)"
            },
            "keyword": "Then "
          },
          {
            "result": {
              "duration": 834427797,
              "status": "passed"
            },
            "line": 19,
            "name": "I go to \"/employee/\" with above variable and post \"GET\" Request",
            "match": {
              "arguments": [
                {
                  "val": "/employee/",
                  "offset": 9
                },
                {
                  "val": "GET",
                  "offset": 51
                }
              ],
              "location": "StepDefinition.i_go_to_with_above_variable_and_post_Request(String,String)"
            },
            "keyword": "When "
          },
          {
            "result": {
              "duration": 8526395,
              "status": "passed"
            },
            "line": 20,
            "name": "I am validating object \"employee_age\" for String value \"30\".",
            "match": {
              "arguments": [
                {
                  "val": "employee_age",
                  "offset": 24
                },
                {
                  "val": "30",
                  "offset": 56
                }
              ],
              "location": "StepDefinition.i_am_validating_object_for_String_value(String,String)"
            },
            "keyword": "And "
          },
          {
            "result": {
              "duration": 758317495,
              "status": "passed"
            },
            "line": 21,
            "name": "I go to \"/delete/\" with above variable and post \"delete\" Request",
            "match": {
              "arguments": [
                {
                  "val": "/delete/",
                  "offset": 9
                },
                {
                  "val": "delete",
                  "offset": 49
                }
              ],
              "location": "StepDefinition.i_go_to_with_above_variable_and_post_Request(String,String)"
            },
            "keyword": "When "
          },
          {
            "result": {
              "duration": 780760962,
              "status": "passed"
            },
            "line": 22,
            "name": "I go to \"/employee/\" with above variable and post \"GET\" Request",
            "match": {
              "arguments": [
                {
                  "val": "/employee/",
                  "offset": 9
                },
                {
                  "val": "GET",
                  "offset": 51
                }
              ],
              "location": "StepDefinition.i_go_to_with_above_variable_and_post_Request(String,String)"
            },
            "keyword": "When "
          }
        ],
        "tags": [
          {
            "line": 4,
            "name": "@tag1"
          }
        ]
      }
    ],
    "name": "Complete Scenario for User Administration.",
    "description": "",
    "id": "complete-scenario-for-user-administration.",
    "keyword": "Feature",
    "uri": "D:/Cucumber/Demo.API/src/main/resources/feature/Complete_Scenario.feature",
    "tags": [
      {
        "line": 1,
        "name": "@tag"
      }
    ]
  }
]