[
  {
    "line": 2,
    "elements": [
      {
        "line": 5,
        "name": "Title of your scenario",
        "description": "",
        "id": "complete-scenario-for-user-administration.;title-of-your-scenario",
        "type": "scenario",
        "keyword": "Scenario",
        "steps": [
          {
            "result": {
              "duration": 90372308,
              "status": "passed"
            },
            "line": 6,
            "name": "I am requesting \"BaseDummyRestAPI\".",
            "match": {
              "arguments": [
                {
                  "val": "BaseDummyRestAPI",
                  "offset": 17
                }
              ],
              "location": "StepDefinition.i_am_requesting(String)"
            },
            "keyword": "Given "
          },
          {
            "result": {
              "duration": 16218575,
              "status": "passed"
            },
            "line": 7,
            "name": "I use resource \"/create\" and with body parameters as",
            "match": {
              "arguments": [
                {
                  "val": "/create",
                  "offset": 16
                }
              ],
              "location": "StepDefinition.i_use_resource_and_with_body_parameters_as(String,DataTable)"
            },
            "rows": [
              {
                "cells": [
                  "name",
                  "salary",
                  "age"
                ],
                "line": 8
              },
              {
                "cells": [
                  "Mohile",
                  "70000",
                  "28"
                ],
                "line": 9
              }
            ],
            "keyword": "When "
          },
          {
            "result": {
              "duration": 2128033624,
              "status": "passed"
            },
            "line": 10,
            "name": "I am sending the \"POST\" request.",
            "match": {
              "arguments": [
                {
                  "val": "POST",
                  "offset": 18
                }
              ],
              "location": "StepDefinition.i_am_sending_the_request(String)"
            },
            "keyword": "Then "
          },
          {
            "result": {
              "duration": 362776710,
              "status": "passed"
            },
            "line": 11,
            "name": "I am validating object \"name\" for String value \"Mohile\".",
            "match": {
              "arguments": [
                {
                  "val": "name",
                  "offset": 24
                },
                {
                  "val": "Mohile",
                  "offset": 48
                }
              ],
              "location": "StepDefinition.i_am_validating_object_for_String_value(String,String)"
            },
            "keyword": "And "
          },
          {
            "result": {
              "duration": 9472818,
              "status": "passed"
            },
            "line": 12,
            "name": "I am validating object \"age\" for String value \"28\".",
            "match": {
              "arguments": [
                {
                  "val": "age",
                  "offset": 24
                },
                {
                  "val": "28",
                  "offset": 47
                }
              ],
              "location": "StepDefinition.i_am_validating_object_for_String_value(String,String)"
            },
            "keyword": "And "
          }
        ],
        "tags": [
          {
            "line": 4,
            "name": "@tag1"
          }
        ]
      }
    ],
    "name": "Complete Scenario for User Administration.",
    "description": "",
    "id": "complete-scenario-for-user-administration.",
    "keyword": "Feature",
    "uri": "D:/Cucumber/Demo.API/src/main/resources/feature/Complete_Scenario.feature",
    "tags": [
      {
        "line": 1,
        "name": "@tag"
      }
    ]
  }
]